{"data": [{"id": "1651044093230593534_1420219052", "user": {"id": "1420219052", "full_name": "Suhas Maganti", "profile_picture": "https://scontent.cdninstagram.com/t51.2885-19/s150x150/20635563_117038578951060_660901789322706944_a.jpg", "username": "suhasm9"}, "images": {"thumbnail": {"width": 150, "height": 150, "url": "https://scontent.cdninstagram.com/t51.2885-15/s150x150/e35/23594977_143204232990141_2022832457140666368_n.jpg"}, "low_resolution": {"width": 320, "height": 320, "url": "https://scontent.cdninstagram.com/t51.2885-15/s320x320/e35/23594977_143204232990141_2022832457140666368_n.jpg"}, "standard_resolution": {"width": 640, "height": 640, "url": "https://scontent.cdninstagram.com/t51.2885-15/s640x640/sh0.08/e35/23594977_143204232990141_2022832457140666368_n.jpg"}}, "created_time": "1511039815", "caption": {"id": "17908844911058180", "text": "The Fobs of Michigan Manzil \ud83d\udca3\ud83d\udca5", "created_time": "1511039815", "from": {"id": "1420219052", "full_name": "Suhas Maganti", "profile_picture": "https://scontent.cdninstagram.com/t51.2885-19/s150x150/20635563_117038578951060_660901789322706944_a.jpg", "username": "suhasm9"}}, "user_has_liked": false, "likes": {"count": 361}, "tags": [], "filter": "Juno", "comments": {"count": 5}, "type": "image", "link": "https://www.instagram.com/p/Bbpr9rthDX-Ki817TyKM5sIg7NGspzde1fjxuU0/", "location": {"latitude": 21.0, "longitude": 77.0, "name": "India", "id": 566966959}, "attribution": null, "users_in_photo": [{"user": {"id": "619228845", "full_name": "Advait Shroff", "profile_picture": "https://scontent.cdninstagram.com/t51.2885-19/s150x150/15875927_1891711551044498_8611479676965093376_n.jpg", "username": "addweightshroff"}, "position": {"x": 0.6968888753255208, "y": 0.46044441731770835}}]}, {"id": "1608374016920741173_1420219052", "user": {"id": "1420219052", "full_name": "Suhas Maganti", "profile_picture": "https://scontent.cdninstagram.com/t51.2885-19/s150x150/20635563_117038578951060_660901789322706944_a.jpg", "username": "suhasm9"}, "images": {"thumbnail": {"width": 150, "height": 150, "url": "https://scontent.cdninstagram.com/t51.2885-15/s150x150/e35/21820188_2010855212459754_3740765336262148096_n.jpg"}, "low_resolution": {"width": 320, "height": 320, "url": "https://scontent.cdninstagram.com/t51.2885-15/s320x320/e35/21820188_2010855212459754_3740765336262148096_n.jpg"}, "standard_resolution": {"width": 640, "height": 640, "url": "https://scontent.cdninstagram.com/t51.2885-15/s640x640/sh0.08/e35/21820188_2010855212459754_3740765336262148096_n.jpg"}}, "created_time": "1505953145", "caption": {"id": "17899744438027326", "text": "Suits - Show Coordinator Edition\nPC: @anurimakphotography", "created_time": "1505953145", "from": {"id": "1420219052", "full_name": "Suhas Maganti", "profile_picture": "https://scontent.cdninstagram.com/t51.2885-19/s150x150/20635563_117038578951060_660901789322706944_a.jpg", "username": "suhasm9"}}, "user_has_liked": false, "likes": {"count": 364}, "tags": [], "filter": "Normal", "comments": {"count": 8}, "type": "image", "link": "https://www.instagram.com/p/BZSF6WYh2U1k9yzlTdVjsy8Y92wqUJu3anc3Tg0/", "location": null, "attribution": null, "users_in_photo": [{"user": {"id": "229716699", "full_name": "ashwin johri", "profile_picture": "https://scontent.cdninstagram.com/t51.2885-19/s150x150/17932368_674384936096273_2522820157097639936_a.jpg", "username": "shhhwin"}, "position": {"x": 0.762666642665863, "y": 0.41155552864074707}}, {"user": {"id": "3957595729", "full_name": "Anurima Kumar.", "profile_picture": "https://scontent.cdninstagram.com/t51.2885-19/s150x150/20066846_1898535243691824_7605846319063629824_a.jpg", "username": "anurimakphotography"}, "position": {"x": 0.8515555419921875, "y": 0.8159999593098959}}]}, {"id": "1601188722182034278_1420219052", "user": {"id": "1420219052", "full_name": "Suhas Maganti", "profile_picture": "https://scontent.cdninstagram.com/t51.2885-19/s150x150/20635563_117038578951060_660901789322706944_a.jpg", "username": "suhasm9"}, "images": {"thumbnail": {"width": 150, "height": 150, "url": "https://scontent.cdninstagram.com/t51.2885-15/s150x150/e35/21576639_463389397376540_5666752435566149632_n.jpg"}, "low_resolution": {"width": 320, "height": 320, "url": "https://scontent.cdninstagram.com/t51.2885-15/s320x320/e35/21576639_463389397376540_5666752435566149632_n.jpg"}, "standard_resolution": {"width": 640, "height": 640, "url": "https://scontent.cdninstagram.com/t51.2885-15/s640x640/sh0.08/e35/21576639_463389397376540_5666752435566149632_n.jpg"}}, "created_time": "1505096591", "caption": {"id": "17897021593061527", "text": "Showcore \ud83c\udf1f", "created_time": "1505096591", "from": {"id": "1420219052", "full_name": "Suhas Maganti", "profile_picture": "https://scontent.cdninstagram.com/t51.2885-19/s150x150/20635563_117038578951060_660901789322706944_a.jpg", "username": "suhasm9"}}, "user_has_liked": false, "likes": {"count": 270}, "tags": [], "filter": "Normal", "comments": {"count": 7}, "type": "image", "link": "https://www.instagram.com/p/BY4kKjMBZNm39xLWN8NLb48pRjE0eHy_R18NL00/", "location": null, "attribution": null, "users_in_photo": [{"user": {"id": "15898740", "full_name": "Amara Shaikh", "profile_picture": "https://scontent.cdninstagram.com/t51.2885-19/s150x150/23348288_1993370470906345_2305731743790923776_n.jpg", "username": "amarazshaikh"}, "position": {"x": 0.255111083984375, "y": 0.5004444173177083}}, {"user": {"id": "143966244", "full_name": "Mansi Brahmbhatt", "profile_picture": "https://scontent.cdninstagram.com/t51.2885-19/s150x150/24845956_117913082328964_5694812904314896384_n.jpg", "username": "mansib2"}, "position": {"x": 0.9128888753255209, "y": 0.3724444173177083}}, {"user": {"id": "185022977", "full_name": "Maya Lawande", "profile_picture": "https://scontent.cdninstagram.com/t51.2885-19/s150x150/18889248_809031505923148_2186520360940208128_a.jpg", "username": "mslawande"}, "position": {"x": 0.6213333333333333, "y": 0.4257777506510417}}, {"user": {"id": "229716699", "full_name": "ashwin johri", "profile_picture": "https://scontent.cdninstagram.com/t51.2885-19/s150x150/17932368_674384936096273_2522820157097639936_a.jpg", "username": "shhhwin"}, "position": {"x": 0.8906666666666667, "y": 0.7146666666666667}}, {"user": {"id": "563853805", "full_name": "Shyam Patel", "profile_picture": "https://scontent.cdninstagram.com/t51.2885-19/s150x150/25012040_1953666781620499_7198388806121160704_n.jpg", "username": "shyamm_patel"}, "position": {"x": 0.3537777506510417, "y": 0.7244444173177084}}, {"user": {"id": "1454879029", "full_name": "", "profile_picture": "https://scontent.cdninstagram.com/t51.2885-19/s150x150/21909690_117344555613278_5397229781609611264_n.jpg", "username": "razeenkarim"}, "position": {"x": 0.1306666666666667, "y": 0.7004444173177083}}, {"user": {"id": "1820180719", "full_name": "Hari Annamalai", "profile_picture": "https://scontent.cdninstagram.com/t51.2885-19/s150x150/10597296_186731191664831_397518943_a.jpg", "username": "hotmanhari"}, "position": {"x": 0.7235555419921875, "y": 0.7022222086588542}}, {"user": {"id": "3014927374", "full_name": "Reeshma Kumar", "profile_picture": "https://scontent.cdninstagram.com/t51.2885-19/s150x150/10838352_1143358645696558_2099490780_a.jpg", "username": "reeshmakumar"}, "position": {"x": 0.4657777506510417, "y": 0.4648888753255208}}, {"user": {"id": "4294584573", "full_name": "Nishi Malugari", "profile_picture": "https://scontent.cdninstagram.com/t51.2885-19/s150x150/17818780_1281427775299846_1903392315741831168_a.jpg", "username": "nishi.malugari"}, "position": {"x": 0.06535948067903519, "y": 0.5226666666666666}}]}, {"id": "1469821392026814019_1420219052", "user": {"id": "1420219052", "full_name": "Suhas Maganti", "profile_picture": "https://scontent.cdninstagram.com/t51.2885-19/s150x150/20635563_117038578951060_660901789322706944_a.jpg", "username": "suhasm9"}, "images": {"thumbnail": {"width": 150, "height": 150, "url": "https://scontent.cdninstagram.com/t51.2885-15/s150x150/e35/c197.0.685.685/17125729_1489964557711309_5341940152212127744_n.jpg"}, "low_resolution": {"width": 320, "height": 202, "url": "https://scontent.cdninstagram.com/t51.2885-15/s320x320/e35/17125729_1489964557711309_5341940152212127744_n.jpg"}, "standard_resolution": {"width": 640, "height": 405, "url": "https://scontent.cdninstagram.com/t51.2885-15/s640x640/sh0.08/e35/17125729_1489964557711309_5341940152212127744_n.jpg"}}, "created_time": "1489436385", "caption": {"id": "17863666444118223", "text": "National Nap Day \ud83d\udca4 #6InchRule #BcDudes", "created_time": "1489436385", "from": {"id": "1420219052", "full_name": "Suhas Maganti", "profile_picture": "https://scontent.cdninstagram.com/t51.2885-19/s150x150/20635563_117038578951060_660901789322706944_a.jpg", "username": "suhasm9"}}, "user_has_liked": false, "likes": {"count": 165}, "tags": ["6inchrule", "bcdudes"], "filter": "Gingham", "comments": {"count": 5}, "type": "image", "link": "https://www.instagram.com/p/BRl2sTDB0ZDlM31xXMg4usLx2GTUYHgUIGpuko0/", "location": null, "attribution": null, "users_in_photo": [{"user": {"id": "814582705", "full_name": "Anuraag Parchuri", "profile_picture": "https://scontent.cdninstagram.com/t51.2885-19/s150x150/13744005_159741321125493_852885073_a.jpg", "username": "anuraagp"}, "position": {"x": 0.5155555419921874, "y": 0.4961167883211678}}, {"user": {"id": "1536713579", "full_name": "", "profile_picture": "https://scontent.cdninstagram.com/t51.2885-19/s150x150/11934675_750442395101320_170473450_a.jpg", "username": "saiparchuri"}, "position": {"x": 0.1617777506510417, "y": 0.4722919494183394}}]}, {"id": "1462070223997238484_1420219052", "user": {"id": "1420219052", "full_name": "Suhas Maganti", "profile_picture": "https://scontent.cdninstagram.com/t51.2885-19/s150x150/20635563_117038578951060_660901789322706944_a.jpg", "username": "suhasm9"}, "images": {"thumbnail": {"width": 150, "height": 150, "url": "https://scontent.cdninstagram.com/t51.2885-15/s150x150/e35/16908756_989874314480674_4516727753256468480_n.jpg"}, "low_resolution": {"width": 320, "height": 320, "url": "https://scontent.cdninstagram.com/t51.2885-15/s320x320/e35/16908756_989874314480674_4516727753256468480_n.jpg"}, "standard_resolution": {"width": 640, "height": 640, "url": "https://scontent.cdninstagram.com/t51.2885-15/s640x640/sh0.08/e35/16908756_989874314480674_4516727753256468480_n.jpg"}}, "created_time": "1488512374", "caption": {"id": "17850410254171249", "text": "All the way up! ~6500ft \n#Blessed #SB2k17", "created_time": "1488512374", "from": {"id": "1420219052", "full_name": "Suhas Maganti", "profile_picture": "https://scontent.cdninstagram.com/t51.2885-19/s150x150/20635563_117038578951060_660901789322706944_a.jpg", "username": "suhasm9"}}, "user_has_liked": false, "likes": {"count": 232}, "tags": ["blessed", "sb2k17"], "filter": "Hudson", "comments": {"count": 4}, "type": "image", "link": "https://www.instagram.com/p/BRKUR9SB_zUq5yfbarsF70ZC0vQjy9INRgAjQY0/", "location": {"latitude": 35.6542, "longitude": -83.4367, "name": "Mount Le Conte", "id": 239017419}, "attribution": null, "users_in_photo": []}, {"id": "1454037281718698380_1420219052", "user": {"id": "1420219052", "full_name": "Suhas Maganti", "profile_picture": "https://scontent.cdninstagram.com/t51.2885-19/s150x150/20635563_117038578951060_660901789322706944_a.jpg", "username": "suhasm9"}, "images": {"thumbnail": {"width": 150, "height": 150, "url": "https://scontent.cdninstagram.com/t51.2885-15/s150x150/e35/16788483_176615769496390_8956658300099756032_n.jpg"}, "low_resolution": {"width": 320, "height": 320, "url": "https://scontent.cdninstagram.com/t51.2885-15/s320x320/e35/16788483_176615769496390_8956658300099756032_n.jpg"}, "standard_resolution": {"width": 640, "height": 640, "url": "https://scontent.cdninstagram.com/t51.2885-15/s640x640/sh0.08/e35/16788483_176615769496390_8956658300099756032_n.jpg"}}, "created_time": "1487554773", "caption": {"id": "17866389679066163", "text": "New trophy, same pose \ud83c\udfc6 #OneManzil", "created_time": "1487554773", "from": {"id": "1420219052", "full_name": "Suhas Maganti", "profile_picture": "https://scontent.cdninstagram.com/t51.2885-19/s150x150/20635563_117038578951060_660901789322706944_a.jpg", "username": "suhasm9"}}, "user_has_liked": false, "likes": {"count": 328}, "tags": ["onemanzil"], "filter": "Lo-fi", "comments": {"count": 12}, "type": "image", "link": "https://www.instagram.com/p/BQtxzQzBIGM3LCjqRatfeRY-VH8hSzldr5pX_o0/", "location": null, "attribution": null, "users_in_photo": []}, {"id": "1451166988243526794_1420219052", "user": {"id": "1420219052", "full_name": "Suhas Maganti", "profile_picture": "https://scontent.cdninstagram.com/t51.2885-19/s150x150/20635563_117038578951060_660901789322706944_a.jpg", "username": "suhasm9"}, "images": {"thumbnail": {"width": 150, "height": 150, "url": "https://scontent.cdninstagram.com/t51.2885-15/s150x150/e35/c8.0.720.720/16583911_1393953560623809_2116755506344230912_n.jpg"}, "low_resolution": {"width": 320, "height": 313, "url": "https://scontent.cdninstagram.com/t51.2885-15/s320x320/e35/16583911_1393953560623809_2116755506344230912_n.jpg"}, "standard_resolution": {"width": 640, "height": 626, "url": "https://scontent.cdninstagram.com/t51.2885-15/s640x640/sh0.08/e35/16583911_1393953560623809_2116755506344230912_n.jpg"}}, "created_time": "1487212607", "caption": {"id": "17873389390006698", "text": "Happy Birthday Neni!  We're miles apart right now but this shows how close we actually are \ud83e\udd17", "created_time": "1487212607", "from": {"id": "1420219052", "full_name": "Suhas Maganti", "profile_picture": "https://scontent.cdninstagram.com/t51.2885-19/s150x150/20635563_117038578951060_660901789322706944_a.jpg", "username": "suhasm9"}}, "user_has_liked": false, "likes": {"count": 222}, "tags": [], "filter": "Ludwig", "comments": {"count": 3}, "type": "image", "link": "https://www.instagram.com/p/BQjlK_sB2SK4IYoPpDVP9FjULhDBSlbrDXV71s0/", "location": null, "attribution": null, "users_in_photo": [{"user": {"id": "220764333", "full_name": "Nenita Maganti", "profile_picture": "https://scontent.cdninstagram.com/t51.2885-19/s150x150/14482705_1774317429512694_144738538154360832_a.jpg", "username": "nenitamaganti"}, "position": {"x": 0.4177777506510417, "y": 0.5006617006655093}}]}, {"id": "1407665538712468368_1420219052", "user": {"id": "1420219052", "full_name": "Suhas Maganti", "profile_picture": "https://scontent.cdninstagram.com/t51.2885-19/s150x150/20635563_117038578951060_660901789322706944_a.jpg", "username": "suhasm9"}, "images": {"thumbnail": {"width": 150, "height": 150, "url": "https://scontent.cdninstagram.com/t51.2885-15/s150x150/e35/c29.0.1022.1022/15538316_351958251835015_9202393793083473920_n.jpg"}, "low_resolution": {"width": 320, "height": 302, "url": "https://scontent.cdninstagram.com/t51.2885-15/s320x320/e35/15538316_351958251835015_9202393793083473920_n.jpg"}, "standard_resolution": {"width": 640, "height": 605, "url": "https://scontent.cdninstagram.com/t51.2885-15/s640x640/sh0.08/e35/15538316_351958251835015_9202393793083473920_n.jpg"}}, "created_time": "1482026830", "caption": {"id": "17855932159083853", "text": "Jo bhi karenge, style se karenge \nPC: @susumonster826 #FobsForLife", "created_time": "1482026830", "from": {"id": "1420219052", "full_name": "Suhas Maganti", "profile_picture": "https://scontent.cdninstagram.com/t51.2885-19/s150x150/20635563_117038578951060_660901789322706944_a.jpg", "username": "suhasm9"}}, "user_has_liked": false, "likes": {"count": 270}, "tags": ["fobsforlife"], "filter": "Normal", "comments": {"count": 6}, "type": "image", "link": "https://www.instagram.com/p/BOJCFltg_uQfgAYuEvpnMGSFlVcAnERXDQR4ok0/", "location": {"latitude": 14.55203775, "longitude": 121.02213629, "name": "Bollywood", "id": 1021742064}, "attribution": null, "users_in_photo": [{"user": {"id": "51698971", "full_name": "Abhilasha Shah", "profile_picture": "https://scontent.cdninstagram.com/t51.2885-19/s150x150/19932008_120054398605397_2983892575724765184_a.jpg", "username": "abhilashah"}, "position": {"x": 0.824, "y": 0.4161252159521771}}]}, {"id": "1374117273312297534_1420219052", "user": {"id": "1420219052", "full_name": "Suhas Maganti", "profile_picture": "https://scontent.cdninstagram.com/t51.2885-19/s150x150/20635563_117038578951060_660901789322706944_a.jpg", "username": "suhasm9"}, "images": {"thumbnail": {"width": 150, "height": 150, "url": "https://scontent.cdninstagram.com/t51.2885-15/s150x150/e35/c41.0.997.997/14727450_1807876626126694_5113685936332341248_n.jpg"}, "low_resolution": {"width": 320, "height": 295, "url": "https://scontent.cdninstagram.com/t51.2885-15/s320x320/e35/14727450_1807876626126694_5113685936332341248_n.jpg"}, "standard_resolution": {"width": 640, "height": 590, "url": "https://scontent.cdninstagram.com/t51.2885-15/s640x640/sh0.08/e35/14727450_1807876626126694_5113685936332341248_n.jpg"}}, "created_time": "1478027565", "caption": {"id": "17844729574133676", "text": "We couldn't be tamed \ud83d\ude01 #Roomies #TheEscapeRoom #SoClose", "created_time": "1478027565", "from": {"id": "1420219052", "full_name": "Suhas Maganti", "profile_picture": "https://scontent.cdninstagram.com/t51.2885-19/s150x150/20635563_117038578951060_660901789322706944_a.jpg", "username": "suhasm9"}}, "user_has_liked": false, "likes": {"count": 136}, "tags": ["soclose", "theescaperoom", "roomies"], "filter": "Normal", "comments": {"count": 1}, "type": "image", "link": "https://www.instagram.com/p/BMR2GEzggI-EsZ7dvSeZ26snkkr301n6mBYjAM0/", "location": null, "attribution": null, "users_in_photo": [{"user": {"id": "262576533", "full_name": "Nishal Nandigam", "profile_picture": "https://scontent.cdninstagram.com/t51.2885-19/s150x150/13714135_1848720602024234_1719941616_a.jpg", "username": "nnandigam23"}, "position": {"x": 0.2826666666666667, "y": 0.4234840899734571}}, {"user": {"id": "281772336", "full_name": "Akhil Ganesh", "profile_picture": "https://scontent.cdninstagram.com/t51.2885-19/10326606_1201916976500433_1845546237_a.jpg", "username": "silenceakhilyou"}, "position": {"x": 0.727111083984375, "y": 0.700673695363255}}, {"user": {"id": "814582705", "full_name": "Anuraag Parchuri", "profile_picture": "https://scontent.cdninstagram.com/t51.2885-19/s150x150/13744005_159741321125493_852885073_a.jpg", "username": "anuraagp"}, "position": {"x": 0.7102222086588542, "y": 0.3878729400781626}}, {"user": {"id": "1536713579", "full_name": "", "profile_picture": "https://scontent.cdninstagram.com/t51.2885-19/s150x150/11934675_750442395101320_170473450_a.jpg", "username": "saiparchuri"}, "position": {"x": 0.8462222086588541, "y": 0.3946101727453531}}, {"user": {"id": "2149270201", "full_name": "Soumith Inturi", "profile_picture": "https://scontent.cdninstagram.com/t51.2885-19/s150x150/11374465_1652767214968503_627190971_a.jpg", "username": "susumonster826"}, "position": {"x": 0.415111083984375, "y": 0.4177093065278363}}]}, {"id": "1367667880820267217_1420219052", "user": {"id": "1420219052", "full_name": "Suhas Maganti", "profile_picture": "https://scontent.cdninstagram.com/t51.2885-19/s150x150/20635563_117038578951060_660901789322706944_a.jpg", "username": "suhasm9"}, "images": {"thumbnail": {"width": 150, "height": 150, "url": "https://scontent.cdninstagram.com/t51.2885-15/s150x150/e35/14730602_330623077298332_2121051126475259904_n.jpg"}, "low_resolution": {"width": 320, "height": 320, "url": "https://scontent.cdninstagram.com/t51.2885-15/s320x320/e35/14730602_330623077298332_2121051126475259904_n.jpg"}, "standard_resolution": {"width": 640, "height": 640, "url": "https://scontent.cdninstagram.com/t51.2885-15/s640x640/sh0.08/e35/14730602_330623077298332_2121051126475259904_n.jpg"}}, "created_time": "1477258738", "caption": {"id": "17844345058134777", "text": "I\u2019m the glue that holds Nishaina together \ud83e\udd17\n#ShowCoreBb", "created_time": "1477258738", "from": {"id": "1420219052", "full_name": "Suhas Maganti", "profile_picture": "https://scontent.cdninstagram.com/t51.2885-19/s150x150/20635563_117038578951060_660901789322706944_a.jpg", "username": "suhasm9"}}, "user_has_liked": false, "likes": {"count": 168}, "tags": ["showcorebb"], "filter": "Normal", "comments": {"count": 3}, "type": "image", "link": "https://www.instagram.com/p/BL67rD_ANjRPwUf4q50DP-a53L7W_zLnVXNLKI0/", "location": null, "attribution": null, "users_in_photo": [{"user": {"id": "256336634", "full_name": "Naina Singh", "profile_picture": "https://scontent.cdninstagram.com/t51.2885-19/s150x150/16465241_212454469222980_694717844960575488_a.jpg", "username": "nsinghh123"}, "position": {"x": 0.2533333333333334, "y": 0.535111083984375}}, {"user": {"id": "262576533", "full_name": "Nishal Nandigam", "profile_picture": "https://scontent.cdninstagram.com/t51.2885-19/s150x150/13714135_1848720602024234_1719941616_a.jpg", "username": "nnandigam23"}, "position": {"x": 0.7173333333333334, "y": 0.447111083984375}}]}, {"id": "1312719436050002045_1420219052", "user": {"id": "1420219052", "full_name": "Suhas Maganti", "profile_picture": "https://scontent.cdninstagram.com/t51.2885-19/s150x150/20635563_117038578951060_660901789322706944_a.jpg", "username": "suhasm9"}, "images": {"thumbnail": {"width": 150, "height": 150, "url": "https://scontent.cdninstagram.com/t51.2885-15/s150x150/e35/c38.0.1003.1003/13740953_1230536653625192_1512701520_n.jpg"}, "low_resolution": {"width": 320, "height": 297, "url": "https://scontent.cdninstagram.com/t51.2885-15/s320x320/e35/13740953_1230536653625192_1512701520_n.jpg"}, "standard_resolution": {"width": 640, "height": 594, "url": "https://scontent.cdninstagram.com/t51.2885-15/s640x640/sh0.08/e35/13740953_1230536653625192_1512701520_n.jpg"}}, "created_time": "1470708373", "caption": {"id": "17850449470090621", "text": "When your team picks up the slack \ud83d\ude01 #Literally #PHDMedia #Summer2k16", "created_time": "1470708373", "from": {"id": "1420219052", "full_name": "Suhas Maganti", "profile_picture": "https://scontent.cdninstagram.com/t51.2885-19/s150x150/20635563_117038578951060_660901789322706944_a.jpg", "username": "suhasm9"}}, "user_has_liked": false, "likes": {"count": 197}, "tags": ["literally", "phdmedia", "summer2k16"], "filter": "Normal", "comments": {"count": 12}, "type": "image", "link": "https://www.instagram.com/p/BI3t187gvB97s0f8aF9-4Wads-g3XPN8GPNVpk0/", "location": {"latitude": 41.8369, "longitude": -87.6844, "name": "Chicago, Illinois", "id": 204517928}, "attribution": null, "users_in_photo": []}, {"id": "1294580306271024068_1420219052", "user": {"id": "1420219052", "full_name": "Suhas Maganti", "profile_picture": "https://scontent.cdninstagram.com/t51.2885-19/s150x150/20635563_117038578951060_660901789322706944_a.jpg", "username": "suhasm9"}, "images": {"thumbnail": {"width": 150, "height": 150, "url": "https://scontent.cdninstagram.com/t51.2885-15/s150x150/e35/c119.0.841.841/13721224_1026899730727563_1840508074_n.jpg"}, "low_resolution": {"width": 320, "height": 249, "url": "https://scontent.cdninstagram.com/t51.2885-15/s320x320/e35/13721224_1026899730727563_1840508074_n.jpg"}, "standard_resolution": {"width": 640, "height": 498, "url": "https://scontent.cdninstagram.com/t51.2885-15/s640x640/sh0.08/e35/13721224_1026899730727563_1840508074_n.jpg"}}, "created_time": "1468546020", "caption": {"id": "17911182469033885", "text": "Family is all about the pieces fitting together \u2764\ufe0f", "created_time": "1468546020", "from": {"id": "1420219052", "full_name": "Suhas Maganti", "profile_picture": "https://scontent.cdninstagram.com/t51.2885-19/s150x150/20635563_117038578951060_660901789322706944_a.jpg", "username": "suhasm9"}}, "user_has_liked": false, "likes": {"count": 179}, "tags": [], "filter": "Normal", "comments": {"count": 4}, "type": "image", "link": "https://www.instagram.com/p/BH3Re34gDPEilEHLCOdcHDcgDPatTwDuD3CTAg0/", "location": null, "attribution": null, "users_in_photo": [{"user": {"id": "220764333", "full_name": "Nenita Maganti", "profile_picture": "https://scontent.cdninstagram.com/t51.2885-19/s150x150/14482705_1774317429512694_144738538154360832_a.jpg", "username": "nenitamaganti"}, "position": {"x": 0.3773333333333334, "y": 0.7157534246575342}}, {"user": {"id": "900461484", "full_name": "Srinivas Maganti", "profile_picture": "https://scontent.cdninstagram.com/t51.2885-19/11850312_868340783255778_1612138879_a.jpg", "username": "magsri"}, "position": {"x": 0.7013333333333334, "y": 0.7328767123287672}}]}, {"id": "1283462584045040393_1420219052", "user": {"id": "1420219052", "full_name": "Suhas Maganti", "profile_picture": "https://scontent.cdninstagram.com/t51.2885-19/s150x150/20635563_117038578951060_660901789322706944_a.jpg", "username": "suhasm9"}, "images": {"thumbnail": {"width": 150, "height": 150, "url": "https://scontent.cdninstagram.com/t51.2885-15/s150x150/e35/c0.116.937.937/13573509_124259401336283_1999056001_n.jpg"}, "low_resolution": {"width": 320, "height": 399, "url": "https://scontent.cdninstagram.com/t51.2885-15/e35/p320x320/13573509_124259401336283_1999056001_n.jpg"}, "standard_resolution": {"width": 640, "height": 799, "url": "https://scontent.cdninstagram.com/t51.2885-15/sh0.08/e35/p640x640/13573509_124259401336283_1999056001_n.jpg"}}, "created_time": "1467220684", "caption": {"id": "17857551496012253", "text": "Separation anxiety is too real rn! Come back soon from Japan \ud83d\ude0a #WhiteKidWednesday", "created_time": "1467220684", "from": {"id": "1420219052", "full_name": "Suhas Maganti", "profile_picture": "https://scontent.cdninstagram.com/t51.2885-19/s150x150/20635563_117038578951060_660901789322706944_a.jpg", "username": "suhasm9"}}, "user_has_liked": false, "likes": {"count": 113}, "tags": ["whitekidwednesday"], "filter": "Normal", "comments": {"count": 3}, "type": "image", "link": "https://www.instagram.com/p/BHPxmuMgnMJ_8NXGL9wIpSov-J7HogIUScTSC80/", "location": null, "attribution": null, "users_in_photo": [{"user": {"id": "302513299", "full_name": "liamwies", "profile_picture": "https://scontent.cdninstagram.com/t51.2885-19/s150x150/13266670_140383203040060_246554432_a.jpg", "username": "liamwies"}, "position": {"x": 0.7653333333333333, "y": 0.6666666666666666}}]}, {"id": "1276117785759405077_1420219052", "user": {"id": "1420219052", "full_name": "Suhas Maganti", "profile_picture": "https://scontent.cdninstagram.com/t51.2885-19/s150x150/20635563_117038578951060_660901789322706944_a.jpg", "username": "suhasm9"}, "images": {"thumbnail": {"width": 150, "height": 150, "url": "https://scontent.cdninstagram.com/t51.2885-15/s150x150/e35/13398827_247460702302864_1977127868_n.jpg"}, "low_resolution": {"width": 320, "height": 320, "url": "https://scontent.cdninstagram.com/t51.2885-15/s320x320/e35/13398827_247460702302864_1977127868_n.jpg"}, "standard_resolution": {"width": 640, "height": 640, "url": "https://scontent.cdninstagram.com/t51.2885-15/s640x640/sh0.08/e35/13398827_247460702302864_1977127868_n.jpg"}}, "created_time": "1466345116", "caption": {"id": "17851586188068130", "text": "Happy Father's Day!! \ud83d\ude01\nDaddy, I will always be looking up to you even though I've grown taller :)", "created_time": "1466345116", "from": {"id": "1420219052", "full_name": "Suhas Maganti", "profile_picture": "https://scontent.cdninstagram.com/t51.2885-19/s150x150/20635563_117038578951060_660901789322706944_a.jpg", "username": "suhasm9"}}, "user_has_liked": false, "likes": {"count": 138}, "tags": [], "filter": "Ludwig", "comments": {"count": 1}, "type": "image", "link": "https://www.instagram.com/p/BG1rl1vv1QVxhi8lx7MzU_FNl_m1ieF55OhRso0/", "location": null, "attribution": null, "users_in_photo": [{"user": {"id": "900461484", "full_name": "Srinivas Maganti", "profile_picture": "https://scontent.cdninstagram.com/t51.2885-19/11850312_868340783255778_1612138879_a.jpg", "username": "magsri"}, "position": {"x": 0.2786666666666667, "y": 0.2986666666666667}}]}, {"id": "1249548879343342616_1420219052", "user": {"id": "1420219052", "full_name": "Suhas Maganti", "profile_picture": "https://scontent.cdninstagram.com/t51.2885-19/s150x150/20635563_117038578951060_660901789322706944_a.jpg", "username": "suhasm9"}, "images": {"thumbnail": {"width": 150, "height": 150, "url": "https://scontent.cdninstagram.com/t51.2885-15/s150x150/e35/13166789_1111886522166187_196230944_n.jpg"}, "low_resolution": {"width": 320, "height": 320, "url": "https://scontent.cdninstagram.com/t51.2885-15/s320x320/e35/13166789_1111886522166187_196230944_n.jpg"}, "standard_resolution": {"width": 640, "height": 640, "url": "https://scontent.cdninstagram.com/t51.2885-15/s640x640/sh0.08/e35/13166789_1111886522166187_196230944_n.jpg"}}, "created_time": "1463177855", "caption": {"id": "17847434590094270", "text": "Happy Birthday Ma! \u2764\ufe0f #NoSentiCaptionNeeded", "created_time": "1463177855", "from": {"id": "1420219052", "full_name": "Suhas Maganti", "profile_picture": "https://scontent.cdninstagram.com/t51.2885-19/s150x150/20635563_117038578951060_660901789322706944_a.jpg", "username": "suhasm9"}}, "user_has_liked": false, "likes": {"count": 117}, "tags": ["nosenticaptionneeded"], "filter": "Ludwig", "comments": {"count": 3}, "type": "image", "link": "https://www.instagram.com/p/BFXShXav1QYhUbm1RS0j8CJ5KhCGxcCJNSXXSc0/", "location": null, "attribution": null, "users_in_photo": []}, {"id": "1246019996933379945_1420219052", "user": {"id": "1420219052", "full_name": "Suhas Maganti", "profile_picture": "https://scontent.cdninstagram.com/t51.2885-19/s150x150/20635563_117038578951060_660901789322706944_a.jpg", "username": "suhasm9"}, "images": {"thumbnail": {"width": 150, "height": 150, "url": "https://scontent.cdninstagram.com/t51.2885-15/s150x150/e35/13188050_1022458471161786_409805616_n.jpg"}, "low_resolution": {"width": 320, "height": 320, "url": "https://scontent.cdninstagram.com/t51.2885-15/s320x320/e35/13188050_1022458471161786_409805616_n.jpg"}, "standard_resolution": {"width": 640, "height": 640, "url": "https://scontent.cdninstagram.com/t51.2885-15/s640x640/sh0.08/e35/13188050_1022458471161786_409805616_n.jpg"}}, "created_time": "1462757180", "caption": {"id": "17847424015124028", "text": "A single day isn't enough to thank you three! Happy Mother's Day to my lovely ladies \ud83d\ude0a", "created_time": "1462757180", "from": {"id": "1420219052", "full_name": "Suhas Maganti", "profile_picture": "https://scontent.cdninstagram.com/t51.2885-19/s150x150/20635563_117038578951060_660901789322706944_a.jpg", "username": "suhasm9"}}, "user_has_liked": false, "likes": {"count": 148}, "tags": [], "filter": "Normal", "comments": {"count": 1}, "type": "image", "link": "https://www.instagram.com/p/BFKwJXkP1dppNDuZvnkB-pED9fnOQqWNRag4Dk0/", "location": null, "attribution": null, "users_in_photo": [{"user": {"id": "220764333", "full_name": "Nenita Maganti", "profile_picture": "https://scontent.cdninstagram.com/t51.2885-19/s150x150/14482705_1774317429512694_144738538154360832_a.jpg", "username": "nenitamaganti"}, "position": {"x": 0.09733333333333333, "y": 0.3706666666666666}}]}, {"id": "1241527863107081416_1420219052", "user": {"id": "1420219052", "full_name": "Suhas Maganti", "profile_picture": "https://scontent.cdninstagram.com/t51.2885-19/s150x150/20635563_117038578951060_660901789322706944_a.jpg", "username": "suhasm9"}, "images": {"thumbnail": {"width": 150, "height": 150, "url": "https://scontent.cdninstagram.com/t51.2885-15/s150x150/e35/c0.122.1080.1080/13118098_260806834277485_1665935211_n.jpg"}, "low_resolution": {"width": 320, "height": 392, "url": "https://scontent.cdninstagram.com/t51.2885-15/e35/p320x320/13118098_260806834277485_1665935211_n.jpg"}, "standard_resolution": {"width": 640, "height": 784, "url": "https://scontent.cdninstagram.com/t51.2885-15/sh0.08/e35/p640x640/13118098_260806834277485_1665935211_n.jpg"}}, "created_time": "1462221676", "caption": {"id": "17850340600069850", "text": "It's been a great year \ud83d\ude4c\ud83c\udffc\nCredits to @liamwies and @saiparchuri #Dabbin'", "created_time": "1462221676", "from": {"id": "1420219052", "full_name": "Suhas Maganti", "profile_picture": "https://scontent.cdninstagram.com/t51.2885-19/s150x150/20635563_117038578951060_660901789322706944_a.jpg", "username": "suhasm9"}}, "user_has_liked": false, "likes": {"count": 127}, "tags": ["dabbin"], "filter": "Normal", "comments": {"count": 2}, "type": "image", "link": "https://www.instagram.com/p/BE6ywN7P1TIgqhnvW22AydYor4GHRMANvzlp4c0/", "location": {"latitude": 42.275910291851, "longitude": -83.741823371231, "name": "The Cube", "id": 238840834}, "attribution": null, "users_in_photo": []}, {"id": "1240057516897817965_1420219052", "user": {"id": "1420219052", "full_name": "Suhas Maganti", "profile_picture": "https://scontent.cdninstagram.com/t51.2885-19/s150x150/20635563_117038578951060_660901789322706944_a.jpg", "username": "suhasm9"}, "images": {"thumbnail": {"width": 150, "height": 150, "url": "https://scontent.cdninstagram.com/t51.2885-15/s150x150/e35/13129823_937121716385487_203296185_n.jpg"}, "low_resolution": {"width": 320, "height": 320, "url": "https://scontent.cdninstagram.com/t51.2885-15/s320x320/e35/13129823_937121716385487_203296185_n.jpg"}, "standard_resolution": {"width": 640, "height": 640, "url": "https://scontent.cdninstagram.com/t51.2885-15/s640x640/sh0.08/e35/13129823_937121716385487_203296185_n.jpg"}}, "created_time": "1462046397", "caption": {"id": "17847058150087105", "text": "CONGRATULATIONS! \u303d\ufe0f\nSeniors, thank you for making your last year one of my memorable ones! \ud83d\ude01\n#ClassOf2016 #GoBlue", "created_time": "1462046397", "from": {"id": "1420219052", "full_name": "Suhas Maganti", "profile_picture": "https://scontent.cdninstagram.com/t51.2885-19/s150x150/20635563_117038578951060_660901789322706944_a.jpg", "username": "suhasm9"}}, "user_has_liked": false, "likes": {"count": 119}, "tags": ["classof2016", "goblue"], "filter": "Normal", "comments": {"count": 2}, "type": "image", "link": "https://www.instagram.com/p/BE1kb3Tv1VtZ46z6TExdP2r7b6VzM0_0gNhdmU0/", "location": {"latitude": 42.265717150771, "longitude": -83.748705675961, "name": "The Big House, University of Michigan", "id": 240814617}, "attribution": null, "users_in_photo": [{"user": {"id": "33295147", "full_name": "\u064e\u0639\u064e\u0646\u0651\u0627\u06cc\u0627\u06c1", "profile_picture": "https://scontent.cdninstagram.com/t51.2885-19/s150x150/24126854_952341331588137_7219526741071495168_n.jpg", "username": "nayam.17"}, "position": {"x": 0.6533333333333333, "y": 0.932}}, {"user": {"id": "33471196", "full_name": "Alisha Vora", "profile_picture": "https://scontent.cdninstagram.com/t51.2885-19/11931150_428791973994095_1128280722_a.jpg", "username": "alishavora"}, "position": {"x": 0.8666666666666667, "y": 0.9093333333333333}}, {"user": {"id": "52243785", "full_name": "Abhi Satya", "profile_picture": "https://scontent.cdninstagram.com/t51.2885-19/s150x150/10005188_164803223883036_1366547674_a.jpg", "username": "abhi.satya"}, "position": {"x": 0.368, "y": 0.94}}, {"user": {"id": "235445447", "full_name": "Shravya", "profile_picture": "https://scontent.cdninstagram.com/t51.2885-19/s150x150/22639302_482299605460016_1530525838041153536_n.jpg", "username": "shraaavya"}, "position": {"x": 0.1453333333333333, "y": 0.6613333333333333}}, {"user": {"id": "248197159", "full_name": "Sam Rajachudamani", "profile_picture": "https://scontent.cdninstagram.com/t51.2885-19/s150x150/19932053_816253921874194_2165745118798151680_a.jpg", "username": "samraja31"}, "position": {"x": 0.288, "y": 0.4066666666666667}}, {"user": {"id": "270623246", "full_name": "Danni Xia", "profile_picture": "https://scontent.cdninstagram.com/t51.2885-19/s150x150/12599458_1182284731781956_1224527272_a.jpg", "username": "dxia9"}, "position": {"x": 0.9346405193209648, "y": 0.6373333333333333}}, {"user": {"id": "884183650", "full_name": "Shraddha", "profile_picture": "https://scontent.cdninstagram.com/t51.2885-19/s150x150/13534155_1661107830880894_530482358_a.jpg", "username": "sgosalia11"}, "position": {"x": 0.62, "y": 0.7586666666666667}}, {"user": {"id": "1479134384", "full_name": "Bobby Singh", "profile_picture": "https://scontent.cdninstagram.com/t51.2885-19/s150x150/12976124_1544625209167580_1714674764_a.jpg", "username": "bsgrewal36"}, "position": {"x": 0.3653333333333333, "y": 0.6893333333333334}}, {"user": {"id": "2132474658", "full_name": "Ujwal Bharath", "profile_picture": "https://scontent.cdninstagram.com/t51.2885-19/s150x150/16583592_166145073886075_1534173412031725568_a.jpg", "username": "wheresujwaldo"}, "position": {"x": 0.9346405193209648, "y": 0.1986666666666667}}]}, {"id": "1227676337917875379_1420219052", "user": {"id": "1420219052", "full_name": "Suhas Maganti", "profile_picture": "https://scontent.cdninstagram.com/t51.2885-19/s150x150/20635563_117038578951060_660901789322706944_a.jpg", "username": "suhasm9"}, "images": {"thumbnail": {"width": 150, "height": 150, "url": "https://scontent.cdninstagram.com/t51.2885-15/s150x150/e35/c15.0.540.540/12965908_1176167975728260_68180259_n.jpg"}, "low_resolution": {"width": 320, "height": 303, "url": "https://scontent.cdninstagram.com/t51.2885-15/s320x320/e35/12965908_1176167975728260_68180259_n.jpg"}, "standard_resolution": {"width": 640, "height": 606, "url": "https://scontent.cdninstagram.com/t51.2885-15/e35/12965908_1176167975728260_68180259_n.jpg"}}, "created_time": "1460570445", "caption": {"id": "17856575716048686", "text": "Year 2 \u2705 #MichiganIzzat", "created_time": "1460570445", "from": {"id": "1420219052", "full_name": "Suhas Maganti", "profile_picture": "https://scontent.cdninstagram.com/t51.2885-19/s150x150/20635563_117038578951060_660901789322706944_a.jpg", "username": "suhasm9"}}, "user_has_liked": false, "likes": {"count": 145}, "tags": ["michiganizzat"], "filter": "Hudson", "comments": {"count": 1}, "type": "image", "link": "https://www.instagram.com/p/BEJlR_0v1SzEOqS5FrXuFhFziv4OoRxzM3sGio0/", "location": {"latitude": 42.2745, "longitude": -83.7393, "name": "G115", "id": 1033513406}, "attribution": null, "users_in_photo": [{"user": {"id": "15939097", "full_name": "Justin Joseph", "profile_picture": "https://scontent.cdninstagram.com/t51.2885-19/s150x150/11849006_1489355794714788_1104130584_a.jpg", "username": "jtripp331"}, "position": {"x": 0.5666666666666667, "y": 0.9493670886075949}}, {"user": {"id": "39118409", "full_name": "Linford Williams", "profile_picture": "https://scontent.cdninstagram.com/t51.2885-19/s150x150/12599400_1326329127395412_1278936567_a.jpg", "username": "itslinford"}, "position": {"x": 0.2973333333333333, "y": 0.9521800281293952}}, {"user": {"id": "41629826", "full_name": "Rahul Bose", "profile_picture": "https://scontent.cdninstagram.com/t51.2885-19/s150x150/13118089_1004256619629042_825570748_a.jpg", "username": "rahulbose"}, "position": {"x": 0.3866666666666667, "y": 0.9676511954992968}}, {"user": {"id": "49990368", "full_name": "Balaji Veluswamy", "profile_picture": "https://scontent.cdninstagram.com/t51.2885-19/10948968_906685296043377_1796651811_a.jpg", "username": "balajiveluswamy"}, "position": {"x": 0.6746666666666666, "y": 0.9507735583684951}}, {"user": {"id": "52243785", "full_name": "Abhi Satya", "profile_picture": "https://scontent.cdninstagram.com/t51.2885-19/s150x150/10005188_164803223883036_1366547674_a.jpg", "username": "abhi.satya"}, "position": {"x": 0.7146666666666667, "y": 0.9620253164556962}}, {"user": {"id": "199571552", "full_name": "Ro Hit", "profile_picture": "https://scontent.cdninstagram.com/t51.2885-19/11324982_1457014114605074_1958670940_a.jpg", "username": "robros99"}, "position": {"x": 0.136, "y": 0.9648382559774965}}, {"user": {"id": "201334482", "full_name": "Shounak Vale", "profile_picture": "https://scontent.cdninstagram.com/t51.2885-19/10570168_697073293694119_223740198_a.jpg", "username": "shounakvale"}, "position": {"x": 0.332, "y": 0.9507735583684951}}, {"user": {"id": "229716699", "full_name": "ashwin johri", "profile_picture": "https://scontent.cdninstagram.com/t51.2885-19/s150x150/17932368_674384936096273_2522820157097639936_a.jpg", "username": "shhhwin"}, "position": {"x": 0.2613333333333333, "y": 0.9704641350210971}}, {"user": {"id": "243665093", "full_name": "Nikil Ramanathan", "profile_picture": "https://scontent.cdninstagram.com/t51.2885-19/s150x150/20066634_1480516171991401_1331987598939258880_a.jpg", "username": "nikilr"}, "position": {"x": 0.3773333333333334, "y": 0.9521800281293952}}, {"user": {"id": "246737280", "full_name": "Kay Patel", "profile_picture": "https://scontent.cdninstagram.com/t51.2885-19/s150x150/18722021_1382225581865321_3820416243500843008_a.jpg", "username": "kaypatel96"}, "position": {"x": 0.06535948067903519, "y": 0.9521800281293952}}, {"user": {"id": "248197159", "full_name": "Sam Rajachudamani", "profile_picture": "https://scontent.cdninstagram.com/t51.2885-19/s150x150/19932053_816253921874194_2165745118798151680_a.jpg", "username": "samraja31"}, "position": {"x": 0.2346666666666667, "y": 0.9563994374120957}}, {"user": {"id": "282233215", "full_name": "Sunny Patel", "profile_picture": "https://scontent.cdninstagram.com/t51.2885-19/s150x150/12393846_1639246786336648_705651914_a.jpg", "username": "sunny24patel"}, "position": {"x": 0.4106666666666667, "y": 0.9732770745428974}}, {"user": {"id": "302513299", "full_name": "liamwies", "profile_picture": "https://scontent.cdninstagram.com/t51.2885-19/s150x150/13266670_140383203040060_246554432_a.jpg", "username": "liamwies"}, "position": {"x": 0.6813333333333333, "y": 0.960618846694796}}, {"user": {"id": "1435882515", "full_name": "Vivek Doddipatla", "profile_picture": "https://scontent.cdninstagram.com/t51.2885-19/s150x150/18299338_1400839259977994_76917761850212352_a.jpg", "username": "vivek.doddipatla"}, "position": {"x": 0.6613333333333333, "y": 0.9836601298302412}}, {"user": {"id": "1536713579", "full_name": "", "profile_picture": "https://scontent.cdninstagram.com/t51.2885-19/s150x150/11934675_750442395101320_170473450_a.jpg", "username": "saiparchuri"}, "position": {"x": 0.652, "y": 0.9479606188466948}}, {"user": {"id": "2149768079", "full_name": "Rueshub Patel", "profile_picture": "https://scontent.cdninstagram.com/t51.2885-19/s150x150/18380848_108626479671739_7456392959085248512_a.jpg", "username": "ruesh_patel"}, "position": {"x": 0.4893333333333333, "y": 0.960618846694796}}]}, {"id": "1225464493614520218_1420219052", "user": {"id": "1420219052", "full_name": "Suhas Maganti", "profile_picture": "https://scontent.cdninstagram.com/t51.2885-19/s150x150/20635563_117038578951060_660901789322706944_a.jpg", "username": "suhasm9"}, "images": {"thumbnail": {"width": 150, "height": 150, "url": "https://scontent.cdninstagram.com/t51.2885-15/s150x150/e35/12912716_1593940384225420_248495225_n.jpg"}, "low_resolution": {"width": 320, "height": 320, "url": "https://scontent.cdninstagram.com/t51.2885-15/s320x320/e35/12912716_1593940384225420_248495225_n.jpg"}, "standard_resolution": {"width": 640, "height": 640, "url": "https://scontent.cdninstagram.com/t51.2885-15/s640x640/sh0.08/e35/12912716_1593940384225420_248495225_n.jpg"}}, "created_time": "1460306773", "caption": {"id": "17855916766048788", "text": "#NationalSiblingsDay", "created_time": "1460306773", "from": {"id": "1420219052", "full_name": "Suhas Maganti", "profile_picture": "https://scontent.cdninstagram.com/t51.2885-19/s150x150/20635563_117038578951060_660901789322706944_a.jpg", "username": "suhasm9"}}, "user_has_liked": false, "likes": {"count": 146}, "tags": ["nationalsiblingsday"], "filter": "Normal", "comments": {"count": 4}, "type": "image", "link": "https://www.instagram.com/p/BEBuXbSv1eabRqajlI9Ht27xdeRQ5HD6qZQOhA0/", "location": null, "attribution": null, "users_in_photo": [{"user": {"id": "220764333", "full_name": "Nenita Maganti", "profile_picture": "https://scontent.cdninstagram.com/t51.2885-19/s150x150/14482705_1774317429512694_144738538154360832_a.jpg", "username": "nenitamaganti"}, "position": {"x": 0.744, "y": 0.7666666666666667}}]}], "fb": [{"name": "Srihari Sritharan", "user_id": "10154525618850372", "gender": "male", "hometown": "", "location": ""}, {"name": "Deepak Kumar", "user_id": "520257179", "gender": "male", "hometown": "", "location": ""}, {"name": "Viraat Aryabumi Reddy", "user_id": "10152834904326989", "gender": "male", "hometown": "", "location": ""}, {"name": "Anuraag Veturi", "user_id": "10152680758401018", "gender": "male", "hometown": "", "location": ""}, {"name": "Tanya Madhani", "user_id": "10203826661402071", "gender": "female", "hometown": "", "location": "Novi, Michigan"}, {"name": "Aditya Reddy Gsr", "user_id": "10204889836390794", "gender": "male", "hometown": "", "location": ""}, {"name": "Mihir Chitalia", "user_id": "10205430662711397", "gender": "male", "hometown": "", "location": ""}, {"name": "Sanjay Devireddy", "user_id": "10204425743471792", "gender": "male", "hometown": "", "location": ""}, {"name": "Arjun M Menon", "user_id": "10207835454075335", "gender": "male", "hometown": "Thrissur", "location": "Hyderabad"}, {"name": "Niket Parikh", "user_id": "10204622591678793", "gender": "male", "hometown": "Ann Arbor, Michigan", "location": "Ann Arbor, Michigan"}, {"name": "Sheehan Khan", "user_id": "10200594577502163", "gender": "male", "hometown": "", "location": "Rochester Hills, Michigan"}, {"name": "Rishin Doshi", "user_id": "10201113058228395", "gender": "male", "hometown": "", "location": ""}, {"name": "Jonathan Shi", "user_id": "100000060273903", "gender": "male", "hometown": "Rochester Hills, Michigan", "location": "Northville, Michigan"}, {"name": "Advait 'Reddevil' Shroff", "user_id": "838892729462467", "gender": "male", "hometown": "Ahmedabad, India", "location": "Ann Arbor, Michigan"}, {"name": "Chintan Parikh", "user_id": "100000303897110", "gender": "male", "hometown": "Perth, Western Australia", "location": "San Francisco, California"}, {"name": "Aishu Chandra", "user_id": "728853043816558", "gender": "female", "hometown": "Toronto, Ontario", "location": ""}, {"name": "Vivek Jonnalagadda", "user_id": "803555863013761", "gender": "male", "hometown": "", "location": ""}, {"name": "Santosh Madhav Mashetty", "user_id": "1025510504158872", "gender": "male", "hometown": "Hyderabad", "location": "Rourkela"}, {"name": "Sri Krishna", "user_id": "730364373715538", "gender": "male", "hometown": "Hyderabad", "location": "Hyderabad"}, {"name": "Imaan Munir", "user_id": "729568583798263", "gender": "female", "hometown": "", "location": ""}, {"name": "Anisha Amurthur", "user_id": "915690595190495", "gender": "female", "hometown": "", "location": ""}, {"name": "Alison Mascarenhas", "user_id": "852034364941945", "gender": "female", "hometown": "Novi, Michigan", "location": "Novi, Michigan"}, {"name": "Roshan Narayan", "user_id": "399896456845577", "gender": "male", "hometown": "San Jose, California", "location": ""}, {"name": "Mithil Suryadevara", "user_id": "430645277105357", "gender": "male", "hometown": "", "location": ""}, {"name": "Sidharth Sawhney", "user_id": "415621428643149", "gender": "male", "hometown": "", "location": ""}]}